Name,Category,Role,BasePrice,Points,
Virat Kohli,Marquee Players,BATSMAN,20000000,15
Suryakumar Yadav,Marquee Players,BATSMAN,20000000,14
Rohit Sharma,Marquee Players,BATSMAN,20000000,14
Ruturaj Gaikwad,Marquee Players,BATSMAN,20000000,13
Shubman Gill,Marquee Players,BATSMAN,20000000,13
Shreyas Iyer,Marquee Players,BATSMAN,20000000,12
Travis Head,Marquee Players,BATSMAN,20000000,12
David Warner,Marquee Players,BATSMAN,20000000,14
Faf du Plessis,Marquee Players,BATSMAN,20000000,13
Steven Smith,Marquee Players,BATSMAN,20000000,13
Jasprit Bumrah,Marquee Players,BOWLER,20000000,15
Kuldeep Yadav,Marquee Players,BOWLER,20000000,12
Arshdeep Singh,Marquee Players,BOWLER,20000000,12
Yuzvendra Chahal,Marquee Players,BOWLER,20000000,13
Mohammed Shami,Marquee Players,BOWLER,20000000,13
Mohammed Siraj,Marquee Players,BOWLER,20000000,12
Sunil Narine,Marquee Players,BOWLER,20000000,14
Rashid Khan,Marquee Players,BOWLER,20000000,15
Kagiso Rabada,Marquee Players,BOWLER,20000000,14
Mitchell Starc,Marquee Players,BOWLER,20000000,14
Trent Boult,Marquee Players,BOWLER,20000000,13
Jofra Archer,Marquee Players,BOWLER,20000000,14
Hardik Pandya,Marquee Players,All-rounder,20000000,14
Tilak Varma,Marquee Players,All-rounder,20000000,12
Abhishek Sharma,Marquee Players,All-rounder,20000000,11
Ravindra Jadeja,Marquee Players,All-rounder,20000000,14
Yashasvi Jaiswal,Marquee Players,All-rounder,20000000,14
Pat Cummins,Marquee Players,All-rounder,20000000,13
Andre Russell,Marquee Players,All-rounder,20000000,15
MS Dhoni,Marquee Players,WICKETKEEPER,20000000,15
Rishabh Pant,Marquee Players,WICKETKEEPER,20000000,13
KL Rahul,Marquee Players,WICKETKEEPER,20000000,13
Heinrich Klaasen,Marquee Players,WICKETKEEPER,20000000,14
Jos Buttler,Marquee Players,WICKETKEEPER,20000000,14
AB de Villiers,Marquee Players,Batsman,20000000,15
Chris Gayle,Marquee Players,Batsman,20000000,15
Suresh Raina,Marquee Players,Batsman,20000000,15
Lasith Malinga,Marquee Players,Bowler,20000000,12
Dwayne Bravo,Marquee Players,All-Rounder,20000000,14
Kieron Pollard,Marquee Players,All-Rounder,20000000,13
Shane Watson,Marquee Players,All-Rounder,20000000,13
Gautam Gambhir,Marquee Players,Batsman,20000000,12
Virender Sehwag,Marquee Players,Batsman,20000000,12
Harbhajan Singh,Marquee Players,Bowler,20000000,11
Michael Hussey,Marquee Players,Batsman,20000000,12
Brendon McCullum,Marquee Players,Batsman,20000000,12
Zaheer Khan,Marquee Players,Bowler,20000000,10
Yusuf Pathan,Marquee Players,All-Rounder,20000000,10
Dinesh Karthik,Marquee Players,Wicketkeeper,20000000,10
Shimron Hetmyer,Foreign Players,BATSMAN,15000000,12
David Miller,Foreign Players,BATSMAN,15000000,13
Harry Brook,Foreign Players,BATSMAN,20000000,12
Devon Conway,Foreign Players,BATSMAN,20000000,12
Jake Fraser-McGurk,Foreign Players,BATSMAN,20000000,9
Aiden Markram,Foreign Players,BATSMAN,20000000,12
Rovman Powell,Foreign Players,BATSMAN,15000000,10
Kane Williamson,Foreign Players,BATSMAN,20000000,13
Finn Allen,Foreign Players,BATSMAN,15000000,10
Dewald Brevis,Foreign Players,BATSMAN,20000000,10
Ben Duckett,Foreign Players,BATSMAN,15000000,10
Rilee Rossouw,Foreign Players,BATSMAN,20000000,10
Sherfane Rutherford,Foreign Players,BATSMAN,15000000,10
Ashton Turner,Foreign Players,BATSMAN,10000000,10
James Vince,Foreign Players,BATSMAN,15000000,11
Tom Banton,Foreign Players,BATSMAN,15000000,10
Johnson Charles,Foreign Players,BATSMAN,10000000,9
Leus du Plooy,Foreign Players,BATSMAN,10000000,9
Towhid Hridoy,Foreign Players,BATSMAN,10000000,8
Mikyle Louis,Foreign Players,BATSMAN,10000000,7
Harry Tector,Foreign Players,BATSMAN,15000000,9
Rassie van der Dussen,Foreign Players,BATSMAN,20000000,10
Will Young,Foreign Players,BATSMAN,15000000,10
Najibullah Zadran,Foreign Players,BATSMAN,15000000,10
Ibrahim Zadran,Foreign Players,BATSMAN,15000000,9
Joshua Brown,Foreign Players,BATSMAN,2000000,7
Oliver Davies,Foreign Players,BATSMAN,4000000,8
Bevon Jacobs,Foreign Players,BATSMAN,2000000,7
Matheesha Pathirana,Foreign Players,BOWLER,20000000,9
Josh Hazlewood,Foreign Players,BOWLER,20000000,12
Anrich Nortje,Foreign Players,BOWLER,20000000,13
Noor Ahmad,Foreign Players,BOWLER,20000000,7
Wanindu Hasaranga,Foreign Players,BOWLER,20000000,13
Waqar Salamkheil,Foreign Players,BOWLER,7500000,6
Maheesh Theekshana,Foreign Players,BOWLER,20000000,11
Adam Zampa,Foreign Players,BOWLER,20000000,12
Gerald Coetzee,Foreign Players,BOWLER,12500000,8
Lockie Ferguson,Foreign Players,BOWLER,20000000,12
AM Ghazanfar,Foreign Players,BOWLER,7500000,6
Akeal Hosein,Foreign Players,BOWLER,15000000,9
Keshav Maharaj,Foreign Players,BOWLER,7500000,8
Mujeeb Ur Rahman,Foreign Players,BOWLER,20000000,11
Adil Rashid,Foreign Players,BOWLER,20000000,12
Vijayakanth Viyaskanth,Foreign Players,BOWLER,7500000,6
Nandre Burger,Foreign Players,BOWLER,12500000,8
Spencer Johnson,Foreign Players,BOWLER,20000000,10
Mustafizur Rahman,Foreign Players,BOWLER,20000000,12
Nuwan Thushara,Foreign Players,BOWLER,7500000,7
Naveen-ul-Haq,Foreign Players,BOWLER,20000000,10
Rishad Hossain,Foreign Players,BOWLER,7500000,6
Zahir Khan,Foreign Players,BOWLER,7500000,6
Nqabayomzi Peter,Foreign Players,BOWLER,7500000,5
Tanveer Sangha,Foreign Players,BOWLER,7500000,8
Tabraiz Shamsi,Foreign Players,BOWLER,20000000,11
Jeffrey Vandersay,Foreign Players,BOWLER,7500000,9
Money Grewal,Foreign Players,BOWLER,3000000,5
Fazalhaq Farooqi,Foreign Players,BOWLER,20000000,10
Richard Gleeson,Foreign Players,BOWLER,7500000,9
Matt Henry,Foreign Players,BOWLER,20000000,12
Alzarri Joseph,Foreign Players,BOWLER,20000000,10
Kwena Maphaka,Foreign Players,BOWLER,7500000,7
Reece Topley,Foreign Players,BOWLER,7500000,11
Lizaad Williams,Foreign Players,BOWLER,7500000,9
Luke Wood,Foreign Players,BOWLER,7500000,9
Jason Behrendorff,Foreign Players,BOWLER,15000000,11
Dushmantha Chameera,Foreign Players,BOWLER,7500000,9
Nathan Ellis,Foreign Players,BOWLER,12500000,10
Shamar Joseph,Foreign Players,BOWLER,7500000,9
Josh Little,Foreign Players,BOWLER,7500000,9
Jhye Richardson,Foreign Players,BOWLER,15000000,10
Ottneil Baartman,Foreign Players,BOWLER,7500000,9
Xavier Bartlett,Foreign Players,BOWLER,7500000,9
Dilshan Madushanka,Foreign Players,BOWLER,7500000,11
Adam Milne,Foreign Players,BOWLER,20000000,10
Lungi Ngidi,Foreign Players,BOWLER,10000000,12
Will Oâ€™Rourke,Foreign Players,BOWLER,15000000,9
Taskin Ahmed,Foreign Players,BOWLER,10000000,10
Ben Dwarshuis,Foreign Players,BOWLER,7500000,9
Obed McCoy,Foreign Players,BOWLER,12500000,9
Riley Meredith,Foreign Players,BOWLER,15000000,8
Lance Morris,Foreign Players,BOWLER,12500000,8
Olly Stone,Foreign Players,BOWLER,7500000,8
Daniel Worrall,Foreign Players,BOWLER,15000000,8
Sayed Irfan Aftab,Foreign Players,BOWLER,3000000,5
Shoriful Islam,Foreign Players,BOWLER,7500000,8
Blessing Muzarabani,Foreign Players,BOWLER,7500000,8
Matthew Potts,Foreign Players,BOWLER,15000000,8
Tanzim Hasan Sakib,Foreign Players,BOWLER,7500000,8
Ben Sears,Foreign Players,BOWLER,10000000,8
Tim Southee,Foreign Players,BOWLER,15000000,13
John Turner,Foreign Players,BOWLER,15000000,9
Faridoon Dawoodzai,Foreign Players,BOWLER,3000000,5
James Anderson,Foreign Players,BOWLER,12500000,10
Kyle Jamieson,Foreign Players,BOWLER,15000000,10
Chris Jordan,Foreign Players,BOWLER,20000000,12
Hasan Mahmud,Foreign Players,BOWLER,7500000,8
Tymal Mills,Foreign Players,BOWLER,20000000,10
David Payne,Foreign Players,BOWLER,10000000,8
Nahid Rana,Foreign Players,BOWLER,7500000,5
Daryn Dupavillon,Foreign Players,BOWLER,7500000,8
Lahiru Kumara,Foreign Players,BOWLER,7500000,8
Richard Ngarava,Foreign Players,BOWLER,7500000,8
Wayne Parnell,Foreign Players,BOWLER,10000000,10
Andrew Tye,Foreign Players,BOWLER,7500000,10
Eshan Malinga,Foreign Players,BOWLER,3000000,5
Dumindu Sewmina,Foreign Players,BOWLER,3000000,5
Saurabh Netravalkar,Foreign Players,BOWLER,3000000,9
Liam Livingstone,Foreign Players,All-rounder,20000000,14
Mitchell Marsh,Foreign Players,All-rounder,20000000,12
Glenn Maxwell,Foreign Players,All-rounder,20000000,13
Rachin Ravindra,Foreign Players,All-rounder,15000000,9
Marcus Stoinis,Foreign Players,All-rounder,20000000,13
Sam Curran,Foreign Players,All-rounder,20000000,13
Marco Jansen,Foreign Players,All-rounder,12500000,12
Daryl Mitchell,Foreign Players,All-rounder,20000000,12
Moeen Ali,Foreign Players,All-rounder,20000000,13
Tim David,Foreign Players,All-rounder,20000000,11
Will Jacks,Foreign Players,All-rounder,20000000,10
Azmatullah Omarzai,Foreign Players,All-rounder,15000000,8
Romario Shepherd,Foreign Players,All-rounder,15000000,9
Gus Atkinson,Foreign Players,All-rounder,20000000,7
Tom Curran,Foreign Players,All-rounder,20000000,10
Gulbadin Naib,Foreign Players,All-rounder,10000000,9
Mohammad Nabi,Foreign Players,All-rounder,15000000,12
Sikandar Raza,Foreign Players,All-rounder,12500000,11
Mitchell Santner,Foreign Players,All-rounder,20000000,11
Sean Abbott,Foreign Players,All-rounder,20000000,10
Jacob Bethell,Foreign Players,All-rounder,12500000,7
Brydon Carse,Foreign Players,All-rounder,10000000,8
Aaron Hardie,Foreign Players,All-rounder,12500000,8
Kyle Mayers,Foreign Players,All-rounder,15000000,10
Kamindu Mendis,Foreign Players,All-rounder,7500000,8
Matthew Short,Foreign Players,All-rounder,7500000,8
Qais Ahmad,Foreign Players,All-rounder,7500000,8
Charith Asalanka,Foreign Players,All-rounder,7500000,8
Michael Bracewell,Foreign Players,All-rounder,15000000,10
Gudakesh Motie,Foreign Players,All-rounder,7500000,8
Dan Mousley,Foreign Players,All-rounder,7500000,6
Jamie Overton,Foreign Players,All-rounder,15000000,8
Dunith Wellalage,Foreign Players,All-rounder,7500000,8
Dushan Hemantha,Foreign Players,All-rounder,7500000,7
Cooper Connolly,Foreign Players,All-rounder,7500000,7
Jason Holder,Foreign Players,All-rounder,20000000,11
Karim Janat,Foreign Players,All-rounder,7500000,9
James Neesham,Foreign Players,All-rounder,15000000,10
Daniel Sams,Foreign Players,All-rounder,15000000,9
Will Sutherland,Foreign Players,All-rounder,7500000,8
Zakary Foulkes,Foreign Players,All-rounder,7500000,6
Chris Green,Foreign Players,All-rounder,10000000,8
Shakib Al Hasan,Foreign Players,All-rounder,10000000,11
Mehidy Hasan Miraz,Foreign Players,All-rounder,10000000,8
Wiaan Mulder,Foreign Players,All-rounder,7500000,8
Dwaine Pretorius,Foreign Players,All-rounder,7500000,10
Dasun Shanaka,Foreign Players,All-rounder,7500000,10
Lone Nasir,Foreign Players,All-rounder,3000000,6
Brandon McMullen,Foreign Players,All-rounder,3000000,7
Ashton Agar,Foreign Players,All-rounder,12500000,9
Roston Chase,Foreign Players,All-rounder,7500000,9
Junior Dala,Foreign Players,All-rounder,7500000,8
Mahedi Hasan,Foreign Players,All-rounder,7500000,8
Nangeyalia Kharote,Foreign Players,All-rounder,7500000,6
Dan Lawrence,Foreign Players,All-rounder,10000000,7
Nathan Smith,Foreign Players,All-rounder,10000000,5
Hilton Cartwright,Foreign Players,All-rounder,7500000,5
Alick Athanaze,Foreign Players,All-rounder,7500000,5
Dominic Drakes,Foreign Players,All-rounder,7500000,5
Matthew Forde,Foreign Players,All-rounder,7500000,5
Patrick Kruger,Foreign Players,All-rounder,7500000,5
Michael Neser,Foreign Players,All-rounder,7500000,5
Keemo Paul,Foreign Players,All-rounder,12500000,5
Odean Smith,Foreign Players,All-rounder,7500000,5
Corbin Bosch,Foreign Players,All-rounder,3000000,5
Duan Jansen,Foreign Players,All-rounder,3000000,5
Benny Howell,Foreign Players,All-rounder,3000000,5
Tristan Stubbs,Foreign Players,WICKETKEEPER,15000000,10
Nicholas Pooran,Foreign Players,WICKETKEEPER,20000000,12
Jonny Bairstow,Foreign Players,WICKETKEEPER,20000000,13
Quinton de Kock,Foreign Players,WICKETKEEPER,20000000,14
Rahmanullah Gurbaz,Foreign Players,WICKETKEEPER,20000000,9
Phil Salt,Foreign Players,WICKETKEEPER,20000000,10
Glenn Phillips,Foreign Players,WICKETKEEPER,20000000,11
Alex Carey,Foreign Players,WICKETKEEPER,20000000,10
Donovan Ferreira,Foreign Players,WICKETKEEPER,7500000,8
Shai Hope,Foreign Players,WICKETKEEPER,15000000,10
Josh Inglis,Foreign Players,WICKETKEEPER,20000000,10
Ryan Rickelton,Foreign Players,WICKETKEEPER,10000000,8
Sam Billings,Foreign Players,WICKETKEEPER,20000000,10
Jordan Cox,Foreign Players,WICKETKEEPER,15000000,8
Ben McDermott,Foreign Players,WICKETKEEPER,15000000,8
Kusal Mendis,Foreign Players,WICKETKEEPER,15000000,9
Kusal Perera,Foreign Players,WICKETKEEPER,15000000,10
Josh Philippe,Foreign Players,WICKETKEEPER,15000000,8
Tim Seifert,Foreign Players,WICKETKEEPER,15000000,9
Sediqullah Atal,Foreign Players,WICKETKEEPER,3000000,7
Matthew Breetzke,Foreign Players,WICKETKEEPER,10000000,8
Tom Latham,Foreign Players,WICKETKEEPER,20000000,12
Litton Das,Foreign Players,WICKETKEEPER,15000000,10
Andre Fletcher,Foreign Players,WICKETKEEPER,15000000,9
Ollie Pope,Foreign Players,WICKETKEEPER,15000000,9
Kyle Verreynne,Foreign Players,WICKETKEEPER,15000000,7
Michael Pepper,Foreign Players,WICKETKEEPER,10000000,7
Muhammed Adnan Khan,Foreign Players,WICKETKEEPER,3000000,7
Rajat Patidar,Indian Players,BATSMAN,3000000,10
Rinku Singh,Indian Players,BATSMAN,3000000,11
Devdutt Padikkal,Indian Players,BATSMAN,3000000,11
Rahul Tripathi,Indian Players,BATSMAN,7500000,11
Karun Nair,Indian Players,BATSMAN,3000000,9
Angkrish Raghuvanshi,Indian Players,BATSMAN,3000000,7
Anmolpreet Singh,Indian Players,BATSMAN,3000000,8
Atharva Taide,Indian Players,BATSMAN,3000000,8
Nehal Wadhera,Indian Players,BATSMAN,3000000,8
Mayank Agarawal,Indian Players,BATSMAN,10000000,11
Ajinkya Rahane,Indian Players,BATSMAN,15000000,11
Prithvi Shaw,Indian Players,BATSMAN,20000000,10
Ricky Bhui,Indian Players,BATSMAN,3000000,8
Swastik Chikara,Indian Players,BATSMAN,3000000,7
Aarya Desai,Indian Players,BATSMAN,3000000,7
Shubham Dubey,Indian Players,BATSMAN,3000000,7
Madhav Kaushik,Indian Players,BATSMAN,3000000,7
Pukhraj Mann,Indian Players,BATSMAN,3000000,7
Shaik Rasheed,Indian Players,BATSMAN,3000000,8
Himmat Singh,Indian Players,BATSMAN,3000000,8
Aravelly Avanish,Indian Players,BATSMAN,3000000,7
Vansh Bedi,Indian Players,BATSMAN,3000000,7
Saurav Chauhan,Indian Players,BATSMAN,3000000,7
Kunal Singh Rathore,Indian Players,BATSMAN,3000000,8
Manish Pandey,Indian Players,BATSMAN,10000000,11
Ashwin Hebbar,Indian Players,BATSMAN,3000000,8
Rohan Kunnummal,Indian Players,BATSMAN,3000000,8
Virat Singh,Indian Players,BATSMAN,3000000,7
Guruswamy Ajitesh,Indian Players,BATSMAN,3000000,8
Vishnu Solanki,Indian Players,BATSMAN,3000000,7
Tanmay Agarwal,Indian Players,BATSMAN,3000000,7
Amandeep Khare,Indian Players,BATSMAN,2000000,8
Salman Nizar,Indian Players,BATSMAN,2000000,7
Aniket Verma,Indian Players,BATSMAN,2000000,7
Sumeet Verma,Indian Players,BATSMAN,2000000,8
Manan Vohra,Indian Players,BATSMAN,5000000,9
Samarth Vyas,Indian Players,BATSMAN,2000000,8
Rithik Easwaran,Indian Players,BATSMAN,2000000,8
Pradosh Ranjan Paul,Indian Players,BATSMAN,2000000,8
Akash Singh,Indian Players,BATSMAN,2000000,7
Khushal Gabhane,Indian Players,BATSMAN,2000000,7
Siddarth Yadav,Indian Players,BATSMAN,2000000,8
Musaif Ajaz,Indian Players,BATSMAN,2000000,7
Agni Chopra,Indian Players,BATSMAN,2000000,7
Abhimanyu Easwaran,Indian Players,BATSMAN,2000000,9
Sudip Kumar Gharami,Indian Players,BATSMAN,2000000,8
Shubham Khajuria,Indian Players,BATSMAN,2000000,8
M Ajnas,Indian Players,BATSMAN,2000000,7
Unmukt Chand,Indian Players,BATSMAN,4000000,8
Tejasvi Dahiya,Indian Players,BATSMAN,2000000,7
Atharva Kale,Indian Players,BATSMAN,2000000,7
Abhishek Nair,Indian Players,BATSMAN,2000000,9
Vishwanath Pratap Singh,Indian Players,BATSMAN,2000000,7
Prayas Ray Barman,Indian Players,BATSMAN,2000000,8
Jafar Jamal,Indian Players,BATSMAN,2000000,7
Yash Dayal,Indian Players,BOWLER,20000000,11
Harshit Rana,Indian Players,BOWLER,20000000,7
Sandeep Sharma,Indian Players,BOWLER,20000000,12
Ravi Bishnoi,Indian Players,BOWLER,20000000,11
Mayank Yadav,Indian Players,BOWLER,20000000,7
Mohsin Khan,Indian Players,BOWLER,20000000,8
Khaleel Ahmed,Indian Players,BOWLER,20000000,10
Avesh Khan,Indian Players,BOWLER,20000000,11
Prasidh Krishna,Indian Players,BOWLER,20000000,10
T Natarajan,Indian Players,BOWLER,20000000,9
Rahul Chahar,Indian Players,BOWLER,10000000,10
Vaibhav Arora,Indian Players,BOWLER,3000000,6
Rasikh Salam,Indian Players,BOWLER,3000000,5
Akash Madhwal,Indian Players,BOWLER,3000000,7
Mohit Sharma,Indian Players,BOWLER,5000000,9
Simarjeet Singh,Indian Players,BOWLER,3000000,6
Yash Thakur,Indian Players,BOWLER,4000000,6
Kartik Tyagi,Indian Players,BOWLER,3000000,7
Vijaykumar Vyshak,Indian Players,BOWLER,3000000,6
Piyush Chawla,Indian Players,BOWLER,5000000,10
Shreyas Gopal,Indian Players,BOWLER,3000000,8
Mayank Markande,Indian Players,BOWLER,3000000,7
Suyash Sharma,Indian Players,BOWLER,3000000,6
Karn Sharma,Indian Players,BOWLER,5000000,9
Kumar Kartikeya,Indian Players,BOWLER,3000000,7
Manav Suthar,Indian Players,BOWLER,3000000,5
Deepak Chahar,Indian Players,BOWLER,20000000,12
Akash Deep,Indian Players,BOWLER,10000000,7
Tushar Deshpande,Indian Players,BOWLER,10000000,8
Bhuvneshwar Kumar,Indian Players,BOWLER,20000000,14
Mukesh Kumar,Indian Players,BOWLER,20000000,7
Gurnoor Brar,Indian Players,BOWLER,3000000,5
Mukesh Choudhary,Indian Players,BOWLER,3000000,7
Sakib Hussain,Indian Players,BOWLER,3000000,5
Vidwath Kaverappa,Indian Players,BOWLER,3000000,6
Rajan Kumar,Indian Players,BOWLER,3000000,5
Sushant Mishra,Indian Players,BOWLER,3000000,6
Arjun Tendulkar,Indian Players,BOWLER,3000000,6
Zeeshan Ansari,Indian Players,BOWLER,3000000,5
Prince Choudhary,Indian Players,BOWLER,3000000,5
Himanshu Sharma,Indian Players,BOWLER,3000000,5
Manimaran Siddharth,Indian Players,BOWLER,3000000,6
Digvesh Rathi,Indian Players,BOWLER,3000000,5
Prashant Solanki,Indian Players,BOWLER,3000000,6
Jhathavedh Subramanyan,Indian Players,BOWLER,3000000,5
Umran Malik,Indian Players,BOWLER,7500000,9
Ishant Sharma,Indian Players,BOWLER,7500000,9
Jaydev Unadkat,Indian Players,BOWLER,10000000,8
Umesh Yadav,Indian Players,BOWLER,20000000,11
Ashwani Kumar,Indian Players,BOWLER,3000000,5
Ishan Porel,Indian Players,BOWLER,3000000,6
Abhilash Shetty,Indian Players,BOWLER,3000000,5
Akash Singh,Indian Players,BOWLER,3000000,7
Gurjapneet Singh,Indian Players,BOWLER,3000000,5
Basil Thampi,Indian Players,BOWLER,3000000,8
Murugan Ashwin,Indian Players,BOWLER,3000000,9
Shreyas Chavan,Indian Players,BOWLER,3000000,5
Chintal Gandhi,Indian Players,BOWLER,3000000,5
Raghav Goyal,Indian Players,BOWLER,3000000,6
Jagadeesha Suchith,Indian Players,BOWLER,3000000,8
Roshan Waghsare,Indian Players,BOWLER,3000000,5
Bailapudi Yeswanth,Indian Players,BOWLER,3000000,5
Kuldeep Sen,Indian Players,BOWLER,7500000,8
KM Asif,Indian Players,BOWLER,3000000,7
Akhil Chaudhary,Indian Players,BOWLER,3000000,5
Himanshu Chauhan,Indian Players,BOWLER,3000000,5
Arpit Guleria,Indian Players,BOWLER,3000000,5
Saranu Nishanth,Indian Players,BOWLER,3000000,5
Kuldip Yadav,Indian Players,BOWLER,3000000,6
Prithvi Raj,Indian Players,BOWLER,3000000,6
Shubham Agarwal,Indian Players,BOWLER,3000000,5
Jasinder Singh,Indian Players,BOWLER,3000000,5
Jasmer Dhankhar,Indian Players,BOWLER,3000000,5
Pulkit Narang,Indian Players,BOWLER,3000000,5
Saumy Pandey,Indian Players,BOWLER,3000000,5
Mohit Rathee,Indian Players,BOWLER,3000000,5
Himanshu Singh,Indian Players,BOWLER,3000000,5
Shivam Mavi,Indian Players,BOWLER,7500000,8
Navdeep Saini,Indian Players,BOWLER,7500000,8
Saurabh Dubey,Indian Players,BOWLER,3000000,5
Aaqib Khan,Indian Players,BOWLER,3000000,5
Kulwant Khejroliya,Indian Players,BOWLER,3000000,7
Ankit Rajpoot,Indian Players,BOWLER,3000000,8
Divesh Sharma,Indian Players,BOWLER,3000000,5
Naman Tiwari,Indian Players,BOWLER,3000000,5
Prince Yadav,Indian Players,BOWLER,3000000,5
Kunal Singh Chibb,Indian Players,BOWLER,3000000,5
Yuvraj Chudasama,Indian Players,BOWLER,3000000,5
Deepak Devadiga,Indian Players,BOWLER,3000000,5
Ramesh Prasad,Indian Players,BOWLER,3000000,5
Shivam Shukla,Indian Players,BOWLER,3000000,5
Himanshu Singh,Indian Players,BOWLER,3000000,5
Tejpreet Singh,Indian Players,BOWLER,3000000,5
Chetan Sakariya,Indian Players,BOWLER,7500000,8
Sandeep Warrier,Indian Players,BOWLER,7500000,7
Baltej Singh,Indian Players,BOWLER,3000000,7
Ali Khan,Indian Players,BOWLER,3000000,8
Ravi Kumar,Indian Players,BOWLER,3000000,5
Vineet Panwar,Indian Players,BOWLER,3000000,5
Vidyadhar Patil,Indian Players,BOWLER,3000000,5
Aaradhya Shukla,Indian Players,BOWLER,3000000,5
Abhinandan Singh,Indian Players,BOWLER,3000000,5
Anirudh Chowdhary,Indian Players,BOWLER,3000000,5
Siddarth Kaul,Indian Players,BOWLER,4000000,8
Prashant Painkra,Indian Players,BOWLER,3000000,5
Satyanarayana Raju,Indian Players,BOWLER,3000000,5
Yeddala Reddy,Indian Players,BOWLER,3000000,5
Mohit Avasthi,Indian Players,BOWLER,3000000,5
Praful Hinge,Indian Players,BOWLER,3000000,5
Pankaj Jaswal,Indian Players,BOWLER,3000000,5
Vijay Kumar,Indian Players,BOWLER,3000000,5
Ashok Sharma,Indian Players,BOWLER,3000000,5
Mujtaba Yousuf,Indian Players,BOWLER,3000000,5
Anirudh Kanwar,Indian Players,BOWLER,3000000,5
Shubham Kapse,Indian Players,BOWLER,3000000,5
Atif Mushtaq,Indian Players,BOWLER,3000000,5
Dipesh Parwani,Indian Players,BOWLER,3000000,5
Manish Reddy,Indian Players,BOWLER,3000000,5
Chetan Sharma,Indian Players,BOWLER,3000000,5
Avinash Singh,Indian Players,BOWLER,3000000,5
Vishal Godara,Indian Players,BOWLER,3000000,5
Samarth Nagaraj,Indian Players,BOWLER,3000000,5
Abhishek Saini,Indian Players,BOWLER,3000000,5
Pradyuman Singh,Indian Players,BOWLER,3000000,5
Vasu Vats,Indian Players,BOWLER,3000000,5
Nitish Kumar Reddy,Indian Players,All-rounder,20000000,9
Shivam Dube,Indian Players,All-rounder,20000000,10
Axar Patel,Indian Players,All-rounder,20000000,13
Varun Chakravarthy,Indian Players,All-rounder,20000000,12
Ramandeep Singh,Indian Players,All-rounder,20000000,8
Riyan Parag,Indian Players,All-rounder,20000000,12
Sai Sudharsan,Indian Players,All-rounder,20000000,10
Rahul Tewatia,Indian Players,All-rounder,20000000,10
M Shahrukh Khan,Indian Players,All-rounder,20000000,9
Ayush Badoni,Indian Players,All-rounder,20000000,8
Shashank Singh,Indian Players,All-rounder,20000000,7
Ravichandran Ashwin,Indian Players,All-rounder,20000000,13
Krunal Pandya,Indian Players,All-rounder,20000000,11
Venkatesh Iyer,Indian Players,All-rounder,20000000,12
Harshal Patel,Indian Players,All-rounder,20000000,12
Harpreet Brar,Indian Players,All-rounder,3000000,9
Naman Dhir,Indian Players,All-rounder,3000000,6
Mahipal Lomror,Indian Players,All-rounder,3000000,8
Sameer Rizvi,Indian Players,All-rounder,3000000,6
Abdul Samad,Indian Players,All-rounder,3000000,8
Vijay Shankar,Indian Players,All-rounder,3000000,9
Ashutosh Sharma,Indian Players,All-rounder,3000000,6
Nishant Sindhu,Indian Players,All-rounder,3000000,7
Utkarsh Singh,Indian Players,All-rounder,3000000,7
Nitish Rana,Indian Players,All-rounder,15000000,11
Washington Sundar,Indian Players,All-rounder,20000000,11
Shardul Thakur,Indian Players,All-rounder,20000000,11
Mayank Dagar,Indian Players,All-rounder,3000000,7
Anshul Kamboj,Indian Players,All-rounder,3000000,6
Arshad Khan,Indian Players,All-rounder,3000000,6
Darshan Nalkande,Indian Players,All-rounder,3000000,7
Suyash Prabhudessai,Indian Players,All-rounder,3000000,7
Anukul Roy,Indian Players,All-rounder,3000000,8
Swapnil Singh,Indian Players,All-rounder,3000000,7
Sanvir Singh,Indian Players,All-rounder,3000000,6
Shahbaz Ahmed,Indian Players,All-rounder,10000000,10
Deepak Hooda,Indian Players,All-rounder,7500000,10
Sai Kishore,Indian Players,All-rounder,7500000,8
Yudhvir Singh,Indian Players,All-rounder,3000000,6
Rishi Dhawan,Indian Players,All-rounder,3000000,7
Rajvardhan Hangargekar,Indian Players,All-rounder,3000000,7
Tanush Kotian,Indian Players,All-rounder,3000000,6
Arshin Kulkarni,Indian Players,All-rounder,3000000,6
Shams Mulani,Indian Players,All-rounder,3000000,7
Shivam Singh,Indian Players,All-rounder,3000000,6
Lalit Yadav,Indian Players,All-rounder,3000000,7
Krishnappa Gowtham,Indian Players,All-rounder,10000000,8
Jayant Yadav,Indian Players,All-rounder,7500000,8
Priyansh Arya,Indian Players,All-rounder,3000000,6
Manoj Bhandage,Indian Players,All-rounder,3000000,7
Praveen Dubey,Indian Players,All-rounder,3000000,7
Ajay Mandal,Indian Players,All-rounder,3000000,7
Prerak Mankad,Indian Players,All-rounder,3000000,7
Vipraj Nigam,Indian Players,All-rounder,3000000,6
Vicky Ostwal,Indian Players,All-rounder,3000000,7
Shivalik Sharma,Indian Players,All-rounder,3000000,6
Sarfaraz Khan,Indian Players,All-rounder,7500000,9
Raj Bawa,Indian Players,All-rounder,3000000,7
Emanjot Singh Chahal,Indian Players,All-rounder,3000000,6
Musheer Khan,Indian Players,All-rounder,3000000,6
Manvanth Kumar,Indian Players,All-rounder,3000000,6
Mayank Rawat,Indian Players,All-rounder,3000000,6
Suryansh Shedge,Indian Players,All-rounder,3000000,6
Hrithik Shokeen,Indian Players,All-rounder,3000000,7
Sonu Yadav,Indian Players,All-rounder,3000000,7
Abdul Basith,Indian Players,All-rounder,3000000,6
KC Cariappa,Indian Players,All-rounder,3000000,7
Yuvraj Chaudhary,Indian Players,All-rounder,3000000,6
Aman Khan,Indian Players,All-rounder,3000000,7
Sumit Kumar,Indian Players,All-rounder,3000000,6
Kamlesh Nagarkoti,Indian Players,All-rounder,3000000,8
Hardik Raj,Indian Players,All-rounder,3000000,6
Harsh Tyagi,Indian Players,All-rounder,3000000,6
Krish Bhagat,Indian Players,All-rounder,3000000,6
Sohraab Dhaliwal,Indian Players,All-rounder,3000000,6
Harsh Dubey,Indian Players,All-rounder,3000000,6
Ramakrishna Ghosh,Indian Players,All-rounder,3000000,6
Raj Limbani,Indian Players,All-rounder,3000000,6
Ninad Rathva,Indian Players,All-rounder,3000000,6
Vivrant Sharma,Indian Players,All-rounder,3000000,7
Shiva Singh,Indian Players,All-rounder,3000000,7
Sudhesan Midhun,Indian Players,All-rounder,3000000,7
Abid Mushtaq,Indian Players,All-rounder,3000000,7
Mahesh Pithiya,Indian Players,All-rounder,3000000,6
Maramreddy Reddy,Indian Players,All-rounder,3000000,6
Atit Sheth,Indian Players,All-rounder,3000000,7
Jonty Sidhu,Indian Players,All-rounder,3000000,6
Kartik Chadha,Indian Players,All-rounder,3000000,5
Writtick Chatterjee,Indian Players,All-rounder,3000000,7
Prerit Dutta,Indian Players,All-rounder,3000000,5
Rajneesh Gurbani,Indian Players,All-rounder,3000000,5
Shubhang Hegde,Indian Players,All-rounder,3000000,6
Saransh Jain,Indian Players,All-rounder,3000000,5
Ripal Patel,Indian Players,All-rounder,3000000,6
Akash Vasisht,Indian Players,All-rounder,3000000,5
Ajay Ahlawat,Indian Players,All-rounder,3000000,5
Mayank Gusain,Indian Players,All-rounder,3000000,5
Mukhtar Hussain,Indian Players,All-rounder,3000000,5
Girinath Reddy,Indian Players,All-rounder,3000000,5
Jalaj Saxena,Indian Players,All-rounder,3000000,5
Yajas Sharma,Indian Players,All-rounder,3000000,5
Sanjay Yadav,Indian Players,All-rounder,3000000,5
Umang Kumar,Indian Players,All-rounder,3000000,5
Mohamed Ali,Indian Players,All-rounder,3000000,5
Atharva Ankolekar,Indian Players,All-rounder,3000000,5
Vaisakh Chandran,Indian Players,All-rounder,3000000,5
Auqib Nabi,Indian Players,All-rounder,3000000,5
Rohit Rayudu,Indian Players,All-rounder,3000000,5
Uday Saharan,Indian Players,All-rounder,3000000,5
Ayush Vartak,Indian Players,All-rounder,3000000,5
Baba Aparajith,Indian Players,All-rounder,3000000,5
Sumit Beniwal,Indian Players,All-rounder,3000000,5
Nishunk Birla,Indian Players,All-rounder,3000000,5
Digvijay Deshmukh,Indian Players,All-rounder,3000000,5
Lakshay Jain,Indian Players,All-rounder,3000000,5
Kritagya Singh,Indian Players,All-rounder,3000000,5
P Vignesh,Indian Players,All-rounder,3000000,5
Sabhay Chadha,Indian Players,All-rounder,3000000,5
Hemanth Kumar,Indian Players,All-rounder,3000000,5
Rohan Rana,Indian Players,All-rounder,3000000,5
Bharat Sharma,Indian Players,All-rounder,3000000,5
Pratham Singh,Indian Players,All-rounder,3000000,5
Tripurana Vijay,Indian Players,All-rounder,3000000,5
Ravi Kumar Yadav,Indian Players,All-rounder,3000000,5
Arjun Azad,Indian Players,All-rounder,3000000,5
Abhay Choudhary,Indian Players,All-rounder,3000000,5
Gaurav Gambhir,Indian Players,All-rounder,3000000,5
Shubham Garhwal,Indian Players,All-rounder,3000000,5
Tejasvi Jaiswal,Indian Players,All-rounder,3000000,5
Sairaj Patil,Indian Players,All-rounder,3000000,5
Madhav Tiwari,Indian Players,All-rounder,3000000,5
Kamal Tripathi,Indian Players,All-rounder,3000000,5
Prashant Chauhan,Indian Players,All-rounder,3000000,5
Yash Dabas,Indian Players,All-rounder,3000000,5
Dhruv Kaushik,Indian Players,All-rounder,3000000,5
Khrievitso Kense,Indian Players,All-rounder,3000000,5
Akash Parkar,Indian Players,All-rounder,3000000,5
Vignesh Puthur,Indian Players,All-rounder,3000000,5
Tripuresh Singh,Indian Players,All-rounder,3000000,5
Vijay Yadav,Indian Players,All-rounder,3000000,5
Abishek Porel,Indian Players,WICKETKEEPER,3000000,7
Sanju Samson,Indian Players,WICKETKEEPER,20000000,13
Dhruv Jurel,Indian Players,WICKETKEEPER,3000000,8
Prabhsimran Singh,Indian Players,WICKETKEEPER,3000000,9
Ishan Kishan,Indian Players,WICKETKEEPER,20000000,12
Jitesh Sharma,Indian Players,WICKETKEEPER,10000000,10
Yash Dhull,Indian Players,WICKETKEEPER,3000000,8
Aryan Juyal,Indian Players,WICKETKEEPER,3000000,7
Kumar Kushagra,Indian Players,WICKETKEEPER,3000000,7
Robin Minz,Indian Players,WICKETKEEPER,3000000,7
Anuj Rawat,Indian Players,WICKETKEEPER,3000000,8
Luvnith Sisodia,Indian Players,WICKETKEEPER,3000000,7
Vishnu Vinod,Indian Players,WICKETKEEPER,3000000,8
Upendra Yadav,Indian Players,WICKETKEEPER,3000000,8
Srikar Bharat,Indian Players,WICKETKEEPER,10000000,9
Harvik Desai,Indian Players,WICKETKEEPER,3000000,7
BR Sharath,Indian Players,WICKETKEEPER,3000000,7
Sachin Baby,Indian Players,WICKETKEEPER,3000000,8
Ravichandran Smaran,Indian Players,WICKETKEEPER,3000000,7
Mohammed Azharuddeen,Indian Players,WICKETKEEPER,3000000,8
LR Chethan,Indian Players,WICKETKEEPER,3000000,7
Urvil Patel,Indian Players,WICKETKEEPER,3000000,7
Bipin Saurabh,Indian Players,WICKETKEEPER,3000000,7
Salil Arora,Indian Players,WICKETKEEPER,3000000,7
Dinesh Bana,Indian Players,WICKETKEEPER,3000000,7
Narayan Jagadeesan,Indian Players,WICKETKEEPER,3000000,8
Krishnan Shrijith,Indian Players,WICKETKEEPER,3000000,7
Ayush Mhatre,Indian Players,WICKETKEEPER,3000000,7
Anmol Malhotra,Indian Players,WICKETKEEPER,3000000,7
Karteek Sharma,Indian Players,WICKETKEEPER,3000000,7
Akhil Rawat,Indian Players,WICKETKEEPER,3000000,7
Prateek Yadav,Indian Players,WICKETKEEPER,3000000,7
Baba Indrajith,Indian Players,WICKETKEEPER,3000000,8
Bhagmender Lather,Indian Players,WICKETKEEPER,3000000,7
Pyla Avinash,Indian Players,WICKETKEEPER,3000000,7
Kiran Chormale,Indian Players,WICKETKEEPER,3000000,7
Ashish Dahariya,Indian Players,WICKETKEEPER,3000000,7
Tushar Raheja,Indian Players,WICKETKEEPER,3000000,7
Sarthak Ranjan,Indian Players,WICKETKEEPER,3000000,7
Abhijeet Tomar,Indian Players,WICKETKEEPER,3000000,7
Rituraj Sharma,Indian Players,WICKETKEEPER,3000000,7
Vaibhav Suryavanshi,Indian Players,WICKETKEEPER,3000000,7